,product_name,qty,location,payment_mode,price,Time
0,"    Western Digital My Passport 2TB USB 3.2 Hard Disk Drive (WDBYVG0020BRD-WESN, Red)    ",1.0,560003,Payment Mode  GiftCard/Voucher / UPI  ,5199.0,year-2021_month-05
1,"    Apple iPad Pro Wi-Fi 27.94 cm (11 inch), Space Grey, 256GB/6GB    ",1.0,492002,Payment Mode  Debit Card  ,72890.0,year-2021_month-05
2,"    Apple Pencil 2nd Generation (MU8F2ZM/A, White)    ",1.0,492002,Payment Mode  Debit Card  ,10900.0,year-2021_month-05
3,"    Asus TUF 68.58cm (27 Inches) Full HD IPS Gaming Monitor (Extreme Low Motion Blur, HDMI + DisplayPort, 280 Hz, VG279QM, Black)    ",1.0,110063,Payment Mode  Debit Card  ,34990.0,year-2021_month-05
4,"    Panasonic 1.8 Litres Rice Cooker (SR-WA18H(BBW), Black)    ",1.0,570021,Payment Mode  Debit Card  ,1799.0,year-2021_month-05
5,"    Samsung Galaxy A51 (128GB ROM, 6GB RAM, SM-A515FMSW, Haze Crush Silver)    ",1.0,364002,Payment Mode  Debit Card  ,20999.0,year-2021_month-05
6,    Sony Headphone MDR-ZX110/B Black    ,1.0,560030,Payment Mode  Debit Card  ,899.0,year-2021_month-05
7,"    Glen 1038 GT 3 Burner Toughened Glass Gas Stove (Multi-spark Auto Ignition, CT1038GTFBMAI, Black)    ",1.0,431005,Payment Mode  Pay by UPI  ,8885.0,year-2021_month-05
8,"    Apple iPhone 12 Pro Max (128GB ROM, 6GB RAM, MGD73HN/A, Graphite)    ",1.0,560035,Payment Mode  EMI  ,129900.0,year-2021_month-05
9,"    Apple MacBook Air (MGN63HN/A) M1 Chip macOS Big Sur Laptop (8GB RAM, 256GB SSD, Apple M1 GPU, 33.78cm, Space Grey)    ",1.0,560004,Payment Mode  EMI  ,90190.0,year-2021_month-05
10,"    Travel Blue Tranquillity Neck Pillow (XL - 212, Grey)    ",1.0,500052,Payment Mode  GiftCard/Voucher / Credit Card  ,1098.0,year-2021_month-05
11,"    Travel Blue Eye Mask (TB-450, Midnight Blue)    ",1.0,500052,Payment Mode  GiftCard/Voucher / Credit Card  ,175.0,year-2021_month-05
12,"    Croma Wireless Mouse (XM5106, Black)    ",1.0,390019,Payment Mode  Pay by UPI  ,499.0,year-2021_month-05
13,"    Samsung Galaxy M02s (64GB ROM, 4GB RAM, SM-M025FZBFINS, Blue)     ",1.0,400004,Credit Card,9999.0,year-2021_month-05
14,"    Dell Inspiron 3505 (D560390WIN9SL) Ryzen 5 Windows 10 Notebook (8GB RAM, 256GB SSD, AMD Vega 8 Graphics, MS Office, 39.62cm, Soft Mint)    ",1.0,452001,Payment Mode  EMI  ,44990.0,year-2021_month-05
15,"    Samsung Galaxy A52 (128GB ROM, 6GB RAM, SM-A525FLVGINS, Awesome Violet)    ",1.0,395009,Payment Mode  EMI  ,26499.0,year-2021_month-05
16,"    Safestab Stabilizer for Inverter AC (VST400D PLUS, White)    ",1.0,201303,Payment Mode  Credit Card  ,2499.0,year-2021_month-05
17,"    Bajaj 67 Litres Room Air Cooler (Honeycomb Hexacool Pads, DMH67, White)    ",1.0,400067,Payment Mode  Wallet  ,10990.0,year-2021_month-05
18,"    Onsitego 2 Year Extended Warranty for Room Cooler (Rs.10,000 - Rs.15,000)    ",1.0,400067,Payment Mode  Wallet  ,1099.0,year-2021_month-05
19,"    Samsung Galaxy M02s (64GB ROM, 4GB RAM, SM-M025FZBFINS, Blue)    ",1.0,411061,Payment Mode  GiftCard/Voucher / Credit Card  ,9999.0,year-2021_month-05
20,"    Hitachi Kaze Plus 1.5 Ton 3 Star Window AC (Copper Condenser, RAW318HEDO, White)    ",1.0,201303,Payment Mode  EMI  ,26500.0,year-2021_month-05
21,"    Sony Playstation 5 825GB SSD (CFI-1008A01R, White)    ",1.0,560064,Payment Mode  Pay by UPI  ,49990.0,year-2021_month-05
22,"    Inbase Tempered Glass Screen Protector For iPhone 12 Pro Max (Oleophobic Coating, iU12ProMax, Clear)    ",1.0,110058,Payment Mode  Debit Card  ,499.0,year-2021_month-05
23,"    Sony Playstation 5 825GB SSD (CFI-1008A01R, White)    ",1.0,122003,Payment Mode  GiftCard/Voucher / Credit Card  ,49990.0,year-2021_month-05
24,"    Croma FireTV Edition 109cm (43 Inch) Ultra HD 4K LED Smart TV (3 Years Warranty, Alexa Voice Assistant Remote, CREL7366, Black)    ",1.0,400092,Payment Mode  GiftCard/Voucher / Credit Card  ,34999.0,year-2021_month-05
25,"    Philips EasySpeed 1400 Watts Steam Iron (Fine Spray, GC1905, Blue)    ",1.0,695017,Payment Mode  NetBanking  ,1449.0,year-2021_month-05
26,"    Faber 1000 m³/hr 60cm Wall Mount Chimney (Push Button Controls, Pretty Plus Pro, Black)    ",1.0,421203,Payment Mode  NetBanking  ,10300.0,year-2021_month-05
27,"    Croma FireTV Edition 109cm (43 Inch) Ultra HD 4K LED Smart TV (3 Years Warranty, Alexa Voice Assistant Remote, CREL7366, Black)    ",1.0,400092,Payment Mode  Credit Card  ,34999.0,year-2021_month-05
28,"    Croma Kube 5 Watts Portable Bluetooth Speaker (Built-in Battery, CRER2115, Black)    ",1.0,458001,Payment Mode  GiftCard/Voucher / UPI  ,599.0,year-2021_month-05
29,"HP DeskJet 2729 Wireless Color All-in-One Inkjet Printer (Mobile Printing Capability, 7FR54D, Red)",1.0,421306, Wallet ,5099.0,year-2021_month-06
30,"Daikin 1 Ton 5 Star Inverter Split AC (Copper Condenser, FTKG35TV, White)",1.0,603002, Debit Card ,39500.0,year-2021_month-06
31,"Philips Multigroom Series 7000 Self-sharpening Steel Blades Cordless 13-in-1 Body Grooming Kit (MG7715/15, Silver)",1.0,577418, Pay by UPI ,3799.0,year-2021_month-06
32,"Croma 1 Ton 3 Star Split AC (CRAC7721, Copper Condenser, White)",1.0,600061, EMI ,24990.0,year-2021_month-06
33,"Philips Viva Collection Air Fryer (Fat Removal Technology, HD9721/13, Black)",1.0,600041, GiftCard/Voucher / Credit Card ,10999.0,year-2021_month-06
34,"Kuvings 240 Watts 1 Blade Cold Press Slow Juicer (Safety-Lock System, B1700, Phantom Black)",1.0,133001, GiftCard/Voucher / UPI ,17690.0,year-2021_month-06
35,"Kuvings Sorbet Strainer For Cold Press Juicer (Make Delicious Sorbet, KUVB17SOR, Transparent)",1.0,133001, GiftCard/Voucher / UPI ,1490.0,year-2021_month-06
36,"Kuvings Smoothie Strainer For Cold Press Juicer (Make Delicious Smoothies, KUVB17SM, Black)",1.0,133001, GiftCard/Voucher / UPI ,1490.0,year-2021_month-06
37,"Realme C15 (32GB ROM, 3GB RAM, RMX2180, Power Silver)",1.0,110027, Pay by UPI ,8999.0,year-2021_month-06
38,"Sony Playstation 5 825GB SSD (CFI-1008A01R, White)",1.0,400072, Credit Card ,49990.0,year-2021_month-06
39,"Amazfit Bip U Smart Watch (GPS) (Large Color Screen, A2017, Black, Silicon Rubber)",1.0,600106, Debit Card ,3999.0,year-2021_month-06
40,"Ultraprolink Retro Portable Bluetooth Speaker (UM0097, Brown)",1.0,400058, Wallet ,994.0,year-2021_month-06
41,"Apple Pencil 2nd Generation (MU8F2ZM/A, White)",1.0,160062, GiftCard/Voucher / Credit Card ,10900.0,year-2021_month-06
42,"Samsung Galaxy Note 10 Lite S View Carbon Fiber Smartphone Wallet Cover (EF-EN770PWEGIN, White)",1.0,121003, Credit Card ,1494.0,year-2021_month-06
43,"Targus Multi-PlatForm Bluetooth Keyboard (AKB55AP, Black)",1.0,121003, Credit Card ,1249.0,year-2021_month-06
44,"Whirlpool 200 Litres 3 Star Direct Cool Single Door Refrigerator (6th Sense VitaMagic Technology, 215 Vitamagic Pro PRM 3S, Alpha Steel)",1.0,364320, Credit Card ,16490.0,year-2021_month-06
45,"Logitech HD Webcam (Plug and Play Video Calling, C270, Black)",1.0,302022, Credit Card ,1999.0,year-2021_month-06
46,"Lenovo IdeaPad 3 15IIL05 (81WE007XIN) Core i5 10th Gen Windows 10 Laptop (8 GB, 1 TB HDD + 256 GB SSD, 39.62 cm, Platinum Grey)",1.0,509210, Debit Card ,52990.0,year-2021_month-06
47,"Dell Inspiron 3505 (D560280WIN9SL) Ryzen 5 Windows 10 Notebook (8GB RAM, 512GB SSD, AMD Vega 8 Graphics, MS Office, 39.62cm, Soft Mint)",1.0,110093, EMI ,47990.0,year-2021_month-06
48,"    Croma 10000mAh 2-Port Power Bank (Rechargeable Battery, CRCA0083, Black)    ",1.0,411009,Payment Mode  Debit Card  ,599.0,year-2021_month-06
49,"Apple Airpods Pro In-Ear Truly Wireless Earbuds with Mic (Bluetooth 5.0, with Wireless Charging Case, MWP22HN/A, White)",1.0,201012, Debit Card ,21490.0,year-2021_month-06
50,"Panasonic Warmer 1.8 Litres Electric Rice Cooker (Automatic Cooking, SR-WA18H (SS), Metallic Burgundy)",1.0,500049, GiftCard/Voucher / UPI ,2599.0,year-2021_month-06
51,"Vivo V20 Pro (128GB ROM, 8GB RAM, PD2020F_IN, Sunset Melody)",1.0,700006, Pay by UPI ,29990.0,year-2021_month-06
52,"Boat Airdopes 443 In-Ear Truly Wireless Earbuds with Mic (Bluetooth 5.0, Water Resistant, Raging Red)",1.0,455001, GiftCard/Voucher ,2499.0,year-2021_month-06
53,"Amazfit Bip U Smart Watch (GPS) (Large Color Screen, A2017, Black, Silicon Rubber)",1.0,400088, Credit Card ,3999.0,year-2021_month-06
54,"Realme Buds 2 In-Ear Wired Earphones with Mic (ACCFMGJYM4GB3ZHX, Orange)",1.0,641022, Wallet ,599.0,year-2021_month-06
55,"Sony Playstation 5 825GB SSD (CFI-1008A01R, White)",1.0,700086, EMI ,49990.0,year-2021_month-06
56,"Panasonic Warmer 1.8 Litres Electric Rice Cooker (Automatic Cooking, SR-WA18H (SS), Metallic Burgundy)",1.0,700086, GiftCard/Voucher / Debit Card ,2599.0,year-2021_month-07
57,"Samsung 23 litres Solo Microwave Oven (MS23K3513AK/TL, Black)",1.0,533103, Credit Card ,5999.0,year-2021_month-07
58,"Amazfit GTS 2 Mini Smart Watch (GPS) (Always-on AMOLED Display, A2018, Black/Sage Green, Silicone)",1.0,570018, GiftCard/Voucher / Credit Card ,6999.0,year-2021_month-07
59,"Xiaomi Mi Band 3i Fitness Tracker (19.8mm) (3 Axis Accelerometer Sensors, MGW4048IN, Black, TPU Band)",1.0,334402, GiftCard/Voucher / UPI ,794.0,year-2021_month-07
60,"Samsung Galaxy A72 (128GB ROM, 8GB RAM, SM-A725FLVGINS, Awesome Violet)",1.0,500008, Credit Card ,34999.0,year-2021_month-07
61,"Seagate Backup Plus Slim Portable 2TB USB 3.0 Hard Disk Drive (3-Year Rescue Data Recovery, STHN2000402, Light Blue)",1.0,452018, Credit Card ,5499.0,year-2021_month-07
62,"Apple iPad Pro 11 3rd Gen WiFi iOS Tablet (iPadOS 14, Apple M1 Chip, 27.96 cm (11 Inches), 8GB RAM, 128GB ROM, MHQT3HN/A, Silver)",1.0,144001, Pay by UPI ,68290.0,year-2021_month-07
63,"OnePlus Smart Band (40.4mm) (Step Count, W101N, Black, Aluminum Rubber Dual Strap)",1.0,842002, GiftCard/Voucher ,2499.0,year-2021_month-07
64,"Amazfit Bip U Smart Watch (GPS) (Large Color Screen, A2017, Black, Silicon Rubber)",1.0,411041, Credit Card ,3999.0,year-2021_month-07
65,"Boat Rockerz255R In-Ear Wireless Earphones with Mic (Bluetooth 4.1, Red)",1.0,455001, GiftCard/Voucher ,1299.0,year-2021_month-07
66,"Apple 2 Meter USB 3.0 (Type-C) to USB 3.0 (Type-C) Data Transfer & Power/Charging USB Cable (For MacBook Pro/MacBook, MLL82ZM/A, White)",1.0,400050, Pay by UPI ,1700.0,year-2021_month-07
67,"HP Smart Tank 516 Wireless Color All-in-One Inkjet Printer (Mobile Printing Capability, 3YW70AACJ, Black)",1.0,110085, Debit Card ,15499.0,year-2021_month-07
68,"Samsung 192 Litres 3 Star Direct Cool Inverter Single Door Refrigerator (Big Bottle Guard, RR20T282YUT, Pebble Blue)",1.0,410403, Credit Card ,13990.0,year-2021_month-07
69,"Philips Daily Collection 300 Watts Hand Mixer (Large Eject Button, HR3705/10, Black)",1.0,110062, Pay by UPI ,2149.0,year-2021_month-07
70,"OnePlus Smart Band (40.4mm) (Step Count, W101N, Black, Aluminum Rubber Dual Strap)",1.0,842002, GiftCard/Voucher ,2499.0,year-2021_month-07
71,ORB PS4 Controller Silicone Skin Cover (Blue),1.0,500050, GiftCard/Voucher / WALLET ,299.0,year-2021_month-07
72,"Croma Full Cover Case for Apple AirPods (CRCA0082, White)",1.0,500050, GiftCard/Voucher / WALLET ,399.0,year-2021_month-07
73,"Seagate Backup Plus Slim Portable 2TB USB 3.0 Hard Disk Drive (3-Year Rescue Data Recovery, STHN2000402, Light Blue)",1.0,452018, Credit Card ,5499.0,year-2021_month-07
74,"HP 14s-dq2101TU (38Z17PA#ACJ) Core i3 11th Gen Windows 10 Home Laptop (8GB RAM, 256GB SSD, Intel UHD Graphics, MS Office, 35.56cm, Natural Silver)",1.0,400104, EMI ,39990.0,year-2021_month-07
75,"Go Pro 3.5 mm USB-C Power Mic Adapter (AAMIC-001, Black)",1.0,560060, Wallet ,3990.0,year-2021_month-07
76,"Havells Supersonic 5-in-1 Corded Multi Styling Kit (HC4040, Black)",1.0,560085, GiftCard/Voucher / Credit Card ,2599.0,year-2021_month-07
77,"Sony In-Ear Wireless Earphones (WI-C310, Black)",1.0,110025, GiftCard/Voucher / Credit Card ,2190.0,year-2021_month-07
78,"OnePlus Buds Z In-Ear Passive Noise Cancellation Truly Wireless Earbuds with Mic (Bluetooth 5.0, Quick Pair, E502A, White)",1.0,110025, GiftCard/Voucher / Credit Card ,2999.0,year-2021_month-07
79,"Apple iPhone 11 (128GB ROM, 4GB RAM, MHDJ3HN/A, White)",1.0,700017, EMI ,54499.0,year-2021_month-07
80,"Samsung Galaxy S20 FE (128GB ROM, 8GB RAM, G780FN, Cloud Navy)",1.0,382481, Credit Card ,37999.0,year-2021_month-07
81,"Boat Rockerz255R In-Ear Wireless Earphones with Mic (Bluetooth 4.1, Red)",2.0,455001, GiftCard/Voucher ,2398.0,year-2021_month-07
82,"boAt Airdopes 138 In-Ear Truly Wireless Earbuds with Mic (Bluetooth 5.0, Voice Assistant Supported, Black)",1.0,560026, Pay by UPI ,999.0,year-2021_month-07
83,"Ambrane Melody 20 In-Ear Wireless Earphone with Mic (Bluetooth 5.0, Crystal Clear Stereo Sound, ANB47, Black)",1.0,334402, GiftCard/Voucher / UPI ,829.0,year-2021_month-07
84,"Apple Airpods In-Ear Truly Wireless Earbuds with Mic (Bluetooth 5.0, Charging Case, MV7N2HN/A, White)",1.0,144001, Debit Card ,12490.0,year-2021_month-07
85,"Boat Rockerz255R In-Ear Wireless Earphones with Mic (Bluetooth 4.1, Red)",1.0,455001, GiftCard/Voucher ,899.0,year-2021_month-07
86,Boat Rugged 150 Cm Micro USB Cable (Purple),1.0,455001, GiftCard/Voucher ,299.0,year-2021_month-07
87,"Balzano Nutriblender 1200 Watts Mixer Grinder and Blender (3 Jars, EK-2301, Silver)",1.0,421501, Debit Card ,5490.0,year-2021_month-08
88,"OnePlus Nord 2 5G (128GB ROM, 8GB RAM, DN2101, Grey Sierra)",1.0,302015, Credit Card ,29999.0,year-2021_month-08
89,"Dr. Odin LCD Blood Pressure Monitor (Auto Power Off, BSX516, Black)",1.0,388120, GiftCard/Voucher / Credit Card ,1290.0,year-2021_month-08
90,"Samsung Galaxy Tab S6 Lite WiFi Android Tablet (Android 10, Exynos 9611, 26.31 cm (10.4 Inches), 4GB RAM, 64GB ROM, SM-P610NZIAINU, Chiffon Pink)",1.0,700120, Pay by UPI ,27999.0,year-2021_month-08
91,Microsoft Office 365 Home for PC and Mac (6 Users/1 Year),1.0,600015, Debit Card ,4504.0,year-2021_month-08
92,"Apple iPad Pro 11 3rd Gen WiFi iOS Tablet (iPadOS 14, Apple M1 Chip, 27.96 cm (11 Inches), 8GB RAM, 128GB ROM, MHQT3HN/A, Silver)",1.0,411033, Credit Card ,71900.0,year-2021_month-08
93,"Xiaomi Redmi In-Ear Wired Earphone with Mic (In-Built HD Microphone, BHR4205IN, Black)",1.0,473001, GiftCard/Voucher ,399.0,year-2021_month-08
94,"Fire-Boltt 13BWHAAY#1 Over-Ear Wired Headphone with Mic (90 Degree Rotating Ear Cups, BWH1300, Black)",1.0,380015, Pay by UPI ,1299.0,year-2021_month-08
95,"Croma 10000mAh 2-Port Power Bank (18 Months Warranty, CRCA0083, Black)",1.0,421302, Debit Card ,599.0,year-2021_month-08
96,"OnePlus Nord 2 5G (128GB ROM, 8GB RAM, DN2101, Grey Sierra)",1.0,302015, Credit Card ,29999.0,year-2021_month-08
97,"HP 15s-gr0012AU (35K35PA#ACJ) Ryzen 3 Windows 10 Home Single Language Thin and Light Laptop (8GB RAM, 1TB HDD + 256GB SSD, AMD Radeon Graphics, MS Office, 39.62cm, Natural Silver)",1.0,400002, Credit Card ,40990.0,year-2021_month-08
98,"OnePlus Nord 2 5G (128GB ROM, 8GB RAM, DN2101, Grey Sierra)",1.0,302015, Credit Card ,29999.0,year-2021_month-08
99,"OnePlus Nord CE 5G (256GB ROM, 12GB RAM, Silver Ray)",1.0,411017, GiftCard/Voucher / Credit Card ,27999.0,year-2021_month-08
100,"Realme Buds 2 Wired Earphones (ACCFKYE2ARGG67WC, Black)",1.0,302022, Wallet ,599.0,year-2021_month-08
101,"boAt In-Ear Wired Earphones with Mic (BassHeads 110, Black)",1.0,825314, GiftCard/Voucher ,399.0,year-2021_month-08
102,"Panasonic Cordless Landline Phone (KX-TG3611BX, As Per Stock Availability)",1.0,600053, Credit Card ,1999.0,year-2021_month-08
103,"OnePlus Nord 2 5G (128GB ROM, 8GB RAM, DN2101, Grey Sierra)",1.0,302015, Credit Card ,29999.0,year-2021_month-08
104,"Oppo A53s (128GB ROM, 8GB RAM, CPH2321, Ink Black)",1.0,560099, EMI ,17990.0,year-2021_month-08
105,"Philips 2.1 Channel Multimedia Speaker (MMS2625, Black)",1.0,500035, NetBanking ,2999.0,year-2021_month-08
106,"Boat Bluetooth Earphones (Rockerz 255R, Black)",1.0,160062, GiftCard/Voucher / Credit Card ,899.0,year-2021_month-08
107,"Bajaj Pygmy Mini 11cm Sweep 3 Blade Table Fan (USB Charging, 251268, White Smoke)",1.0,560102, Credit Card ,899.0,year-2021_month-08
108,"Croma 5 Way Surge Protector (CRCP1002, Blue)",2.0,400706, NetBanking ,2180.0,year-2021_month-08
109,"boAt Airdopes 138 In-Ear Truly Wireless Earbuds with Mic (Bluetooth 5.0, Voice Assistant Supported, Blue)",1.0,110084, Debit Card ,999.0,year-2021_month-08
110,"Samsung 8 kg 5 Star Fully Automatic Front Load Washing Machine (Eco Bubble Technology, WW80TA046AE/TL, White)",1.0,403110, Credit Card ,36790.0,year-2021_month-08
111,"Bajaj Pygmy Mini 11cm Sweep 3 Blade Table Fan (USB Charging, 251267, Cerulean Blue)",1.0,560102, Credit Card ,899.0,year-2021_month-08
112,"OnePlus Nord 2 5G (128GB ROM, 8GB RAM, DN2101, Grey Sierra)",1.0,302015, Credit Card ,29999.0,year-2021_month-08
113,"Syska Stainless Steel Blades Cordless Operation Trimmer for Men (SYSKA-HT200U, Black)",1.0,473001, GiftCard/Voucher / WALLET ,600.0,year-2021_month-08
114,"OnePlus Nord 2 5G (256GB ROM, 12GB RAM, DN2101, Grey Sierra)",1.0,411017, GiftCard/Voucher / Credit Card ,34999.0,year-2021_month-08
115,"Philips PerfectCare 2400 Watt Steam Iron (OptimalTEMP Technology, GC3920/24, Blue)",1.0,110092, Pay by UPI ,7299.0,year-2021_month-09
116,"Realme Buds Air 2 In-Ear Active Noise Cancellation Truly Wireless Earbuds with Mic (Bluetooth 5.2, Smart Detection Sensor, RMA2003, Closer Black)",1.0,201301, Pay by UPI ,3299.0,year-2021_month-09
117,"Apple iPhone 13 Pro (128GB ROM, 6GB RAM, MLVD3HN/A, Sierra Blue)",1.0,560035, EMI ,119900.0,year-2021_month-09
118,"OnePlus In-Ear Truly Wireless Earbuds with Mic (Bluetooth 5.2, Buds Pro, Matte Black)",1.0,122010, Debit Card ,9990.0,year-2021_month-09
119,"OnePlus Cobalt Limited Edition Smart Watch (GPS+GLONASS, 35.30mm) (Blood Oxygen Sensor, W301GB, Gold/Cobalt Blue, Fluoroelastomer Strap)",1.0,411017, Credit Card ,19999.0,year-2021_month-09
120,"Apple iPhone 13 Pro (256GB ROM, 6GB RAM, MLVP3HN/A, Sierra Blue)",1.0,500072, NetBanking ,129900.0,year-2021_month-09
121,"Apple iPhone 13 (256GB ROM, 6GB RAM, MLQ63HN/A, Midnight Black)",1.0,500072, NetBanking ,89900.0,year-2021_month-09
122,"OnePlus Buds Z In-Ear Truly Wireless Earbuds with Mic (Bluetooth 5.0, Quick Pair, E502A, Grey)",1.0,110001, GiftCard/Voucher / Credit Card ,2999.0,year-2021_month-09
123,"Tp-Link AC1200 Dual Band Wireless Router (Archer C50, White)",1.0,500049, GiftCard/Voucher ,1999.0,year-2021_month-09
124,"Apple iPhone 13 Pro Max (256GB ROM, 6GB RAM, MLLC3HN/A, Silver)",1.0,411017, Credit Card ,139900.0,year-2021_month-09
125,"Xiaomi Redmi 9 Power (64GB ROM, 4GB RAM, MZB084XIN, Mighty Black)",1.0,422101, Wallet ,11999.0,year-2021_month-09
126,"Apple Airpods In-Ear Truly Wireless Earbuds with Mic (Bluetooth 5.0, Charging Case, MV7N2HN/A, White)",1.0,110019, Pay by UPI ,12990.0,year-2021_month-09
127,"Realme 8i (64GB ROM, 4GB RAM, RMX3151, Space Black)",1.0,380061, Wallet ,13999.0,year-2021_month-09
128,"Sony Playstation 4 1TB (CUH-2208B, Black) with Gran Turismo II | Ratchet and Clank | Horizon Zero Dawn Complete Edition | PS+3M",1.0,500035, EMI ,29990.0,year-2021_month-09
129,"Xiaomi Mi 20000mAh 3-Port Power Bank (Li-ion Battery, BHR4297IN, Black)",1.0,110045, GiftCard/Voucher / Credit Card ,1699.0,year-2021_month-09
130,"Noise Air Buds In-Ear Truly Wireless Earbuds with Mic (Bluetooth 5.0, 20-Hour Playtime, White)",1.0,110045, GiftCard/Voucher / Credit Card ,1999.0,year-2021_month-09
131,"Philips Daily Collection 830 Watts 2-Slice Pop-up Toaster (Integrated Bun Rack, HD2582/00, White)",1.0,110045, GiftCard/Voucher / Credit Card ,2099.0,year-2021_month-09
132,"Apple iPhone 12 Mini (64GB ROM, 4GB RAM, MGE23HN/A, Green)",1.0,362001, Debit Card ,44990.0,year-2021_month-10
133,"Apple Airpods Pro In-Ear Truly Wireless Earbuds with Mic (Bluetooth 5.0, with Wireless Charging Case, MWP22HN/A, White)",1.0,400037, Credit Card ,17990.0,year-2021_month-10
134,"Samsung Galaxy M11 (64GB ROM, 4GB RAM, SM-M115FZLEINS, Violet)",1.0,362001, Debit Card ,7999.0,year-2021_month-10
135,"Apple Airpods Pro In-Ear Truly Wireless Earbuds with Mic (Bluetooth 5.0, with Wireless Charging Case, MWP22HN/A, White)",1.0,400024, Pay by UPI ,17990.0,year-2021_month-10
136,"Apple iPhone 13 Pro (256GB ROM, 6GB RAM, MLVP3HN/A, Sierra Blue)",1.0,242001, Credit Card ,129900.0,year-2021_month-10
137,"Samsung Galaxy M11 (64GB ROM, 4GB RAM, SM-M115FZLEINS, Violet)",2.0,382350, Credit Card ,18998.0,year-2021_month-10
138,"Samsung Q950A 11.1.4 Channel 616 Watts Dolby Atmos Sound Bar (Voice Assistant, HW-Q950A/XL, Black)",1.0,440033, GiftCard/Voucher / Credit Card ,113788.0,year-2021_month-10
139,"boAt In-Ear Wired Earphones with Mic (BassHeads 110, Black)",1.0,754205, Pay by UPI ,199.0,year-2021_month-10
140,"Apple Earpods In-Ear Earphones with Mic (With Lighting Connector, MV7N2HN/A, White)",1.0,400022, Credit Card ,1399.0,year-2021_month-10
141,"HP Smart Tank 516 Wireless Color All-in-One Inkjet Printer (Mobile Printing Capability, 3YW70AACJ, Cyan)",1.0,148105, Credit Card ,15699.0,year-2021_month-10
142,"Tp-Link AC1200 Dual Band Wireless Router (Archer C50, White)",1.0,302017, Credit Card ,1299.0,year-2021_month-10
143,"Redmi 9 (64GB ROM, 4GB RAM, MZB07RMIN, Sky Blue)",1.0,382470, Credit Card ,8799.0,year-2021_month-10
144,"Redmi 9 (64GB ROM, 4GB RAM, MZB07QCIN, Carbon Black)",1.0,382470, Credit Card ,8799.0,year-2021_month-10
145,"Kent 20 Litres Water Purifier (Gold Plus, Blue)",1.0,768111, GiftCard/Voucher / Credit Card ,2644.0,year-2021_month-10
146,"Onsitego 2 Year Extended Warranty for Water Purifier (Less Than Rs.5,000)",1.0,768111, GiftCard/Voucher / Credit Card ,494.0,year-2021_month-10
147,"Balzano 1.8 Litres 1500 Watts Electric Kettle (Detachable Base, GLBOX218, Silver)",1.0,768111, GiftCard/Voucher / Credit Card ,799.0,year-2021_month-10
148,"Sony In-Ear Wireless Earphones (WI-C310, Blue)",1.0,768111, GiftCard/Voucher / Credit Card ,1999.0,year-2021_month-10
149,"Swiss Military 4-in-1 Grooming Kit (SHV-7, Black)",1.0,768111, GiftCard/Voucher / Credit Card ,999.0,year-2021_month-10
150,"Samsung Galaxy M11 (Blue, 64 GB, 4 GB RAM)",1.0,382475, Credit Card ,9499.0,year-2021_month-10
151,"Samsung Galaxy M11 (Black, 64 GB, 4 GB RAM)",1.0,382475, Credit Card ,9499.0,year-2021_month-10
152,"boAt In-Ear Wired Earphones with Mic (BassHeads 110, Black)",1.0,678507, Wallet ,199.0,year-2021_month-10
153,"Croma 7 Kg Fully Automatic Top Load Washing Machine (i-Clean Technology, CRAW1403, Grey)",1.0,768111, GiftCard/Voucher / Credit Card ,15490.0,year-2021_month-10
154,"Onsitego 2 Year Extended Warranty for Top Load Washing Machine (Rs.0 - Rs.17,000)",1.0,768111, GiftCard/Voucher / Credit Card ,1099.0,year-2021_month-10
155,"Apple iPad WiFi iOS Tablet (iPadOS 15, Apple A13 Bionic Chip, 25.91cm (10.2 Inches), 64GB ROM, MK2K3HN/A, Space Grey)",1.0,462023, Credit Card ,30900.0,year-2021_month-10
156,"Apple iPhone 11 (64GB ROM, 4GB RAM, MHDA3HN/A, Black)",1.0,400092, GiftCard/Voucher / Credit Card ,37999.0,year-2021_month-10
157,"Lenovo G27-20 68.5cm (27 Inches) Full HD IPS Screen Gaming Monitor (AMD FreeSync Premium Technology, HDMI + DisplayPort + Aux, 144 Hz, 66C2GAC1IN, Black)",1.0,201301, Debit Card ,17999.0,year-2021_month-10
158,"OnePlus Nord CE 5G (128GB ROM, 8GB RAM, Charcoal Ink)",1.0,110058, Credit Card ,24999.0,year-2021_month-10
159,"Dell 15 inch Gaming Laptop Backpack (460-BBZW, Black)",1.0,452005, GiftCard/Voucher / UPI ,1499.0,year-2021_month-10
160,"LG 108cm (43 Inch) Ultra HD 4K LED Smart TV (Voice Assistant Supported, 43UP7750PTZ, Black)",1.0,362001, Debit Card ,29990.0,year-2021_month-10
161,"Samsung Galaxy M11 (Black, 64 GB, 4 GB RAM)",2.0,110033, Credit Card ,18998.0,year-2021_month-10
162,"Apple iPhone 12 (128GB ROM, 4GB RAM, MGJF3HN/A, Green)",1.0,500084, EMI ,67350.0,year-2021_month-10
163,"Samsung Galaxy M11 (64GB ROM, 4GB RAM, SM-M115FZLEINS, Violet)",2.0,382350, Credit Card ,18998.0,year-2021_month-10
164,Bose SoundLink Micro Bluetooth Speaker (Black),1.0,394115, Debit Card ,8990.0,year-2021_month-10
165,"Boat Stone 5 Watts Portable Bluetooth Speaker (Stereo Channel, 193, Black)",1.0,560048, Pay by UPI ,599.0,year-2021_month-10
166,"Croma 1 Ton 3 Star Inverter Split AC (Copper Condenser, CRAC7701, White/Cool Grey)",1.0,387001, Pay by UPI ,19990.0,year-2021_month-10
167,"Apple In-Ear Wired Earphones with Mic (MNHF2ZM/A, White)",1.0,502032, Credit Card ,1099.0,year-2021_month-10
168,"Samsung Galaxy M11 (Black, 64 GB, 4 GB RAM)",2.0,382350, Credit Card ,18998.0,year-2021_month-10
169,"SanDisk Ultra Dual Drive Luxe 32GB USB 3.1 (Type-A), USB 3.1 (Type-C) Flash Drive (Swivel Design, SDDDC4-032G-I35, Silver)",1.0,440033, GiftCard/Voucher / Credit Card ,799.0,year-2021_month-10
170,"Samsung Galaxy M11 (Black, 64 GB, 4 GB RAM)",2.0,382350, Credit Card ,18998.0,year-2021_month-10
171,"Vivo Y51A (128GB ROM, 6GB RAM, PD2050KF_IN, Titanium Sapphire)",1.0,422101, Wallet ,14999.0,year-2021_month-10
172,"Apple 20 Watt USB-C Power Adapter (MHJD3HN/A, White)",1.0,500084, GiftCard/Voucher ,1900.0,year-2021_month-10
173,"Apple In-Ear Wired Earphones with Mic (MNHF2ZM/A, White)",1.0,500061, Credit Card ,1099.0,year-2021_month-10
174,"Samsung Galaxy M11 (Black, 64 GB, 4 GB RAM)",2.0,382350, Credit Card ,18998.0,year-2021_month-10
175,"Apple Airpods Pro In-Ear Active Noise Cancellation Truly Wireless Earbuds with Mic (Bluetooth 5.0, with Wireless Charging Case, MWP22HN/A, White)",1.0,560061, Credit Card ,20990.0,year-2021_month-10
176,"Samsung Galaxy M11 (Blue, 64 GB, 4 GB RAM)",2.0,382350, Credit Card ,18998.0,year-2021_month-10
177,"Realme Buds Q2 Neo In-Ear Truly Wireless Earbuds with Mic (Bluetooth, RMA2010, Blue)",1.0,506001, Wallet ,999.0,year-2021_month-10
178,"Amazon Fire TV Stick 3rd Gen with Alexa Voice Remote (Quad Core Processor, B08C1KQRR5, Black)",1.0,440033, GiftCard/Voucher / Credit Card ,2199.0,year-2021_month-10
179,"Apple Airpods Pro In-Ear Active Noise Cancellation Truly Wireless Earbuds with Mic (Bluetooth 5.0, with Wireless Charging Case, MWP22HN/A, White)",1.0,110033, Credit Card ,17299.0,year-2021_month-10
180,"Boat Stone 5 Watts Portable Bluetooth Speaker (Stereo Channel, 193, Black)",1.0,500037, Pay on Delivery ,599.0,year-2021_month-10
181,"Samsung Q800A 3.1.2 Channel 330 Watts Dolby AtmosSound Bar (Voice Assistant, HW-Q800A/XL, Black)",1.0,247001, Credit Card ,34999.0,year-2021_month-10
182,"Onsitego 2 Year Extended Warranty for Home Theatre & Sound Bar (Rs.15,000 - Rs.30,000)",1.0,201308, Credit Card ,2299.0,year-2021_month-10
183,"Amazfit GTS 2 Mini Smart Watch (GPS) (Always-on AMOLED Display, A2018, Black/Sage Green, Silicone)",1.0,400005, GiftCard/Voucher / Credit Card ,5999.0,year-2021_month-10
184,"JBL Bar 2.1 Channel 300 Watts Dolby Digital Sound Bar (JBL Surround Sound, JBLBAR21DBBLKIN, Black)",1.0,201308, Credit Card ,19999.0,year-2021_month-10
185,"Redmi 9A (32GB ROM, 3GB RAM, MZB9878IN, Midnight Black)",1.0,482008, Credit Card ,8099.0,year-2021_month-10
186,"Redmi 9A (32GB ROM, 3GB RAM, MZB9875IN, Nature Green)",1.0,482008, Credit Card ,8099.0,year-2021_month-10
187,"Kuvings 240 Watts 1 Blade Cold Press Slow Juicer (Safety-Lock System, B1700, Phantom Black)",1.0,560064, Credit Card ,17500.0,year-2021_month-10
188,"LG 45 Litres 2 Star Direct Cool Single Door Refrigerator (Anti Bacterial Gasket, GL-M051RSWC, Super White)",2.0,226020, Credit Card ,11980.0,year-2021_month-10
189,"Aquaguard Neo UV + UF + MC Electrical Water Purifier (Mineral Charge Technology, GWPDNUVUF00000, Black/Chrome Metallic)",1.0,560097, Credit Card ,8999.0,year-2021_month-10
190,"Vinod Induction Non-Stick Dosa Tawa (IZOT280, Black)",1.0,560097, Credit Card ,1089.0,year-2021_month-10
191,"Zebronics USB Keyboard (Spill Proof, KB-K35, Black)",1.0,473001, GiftCard/Voucher / WALLET ,259.0,year-2021_month-10
192,"Croma 10 Cup Coffee Maker (CRAK0028, Black)",1.0,412307, Pay by UPI ,1990.0,year-2021_month-10
193,"Apple 1 Meter USB 2.0 (Type-A) to Lightning Power/Charging USB Cable (For iPhones, MXLY2ZM/A, White)",1.0,201306, Credit Card ,1500.0,year-2021_month-10
194,"boAt On-Ear Wireless Headphone with Mic(Bluetooth 4.2, Rockerz 450R, Aqua Blue)",1.0,700007, Tata Pay ,999.0,year-2021_month-10
195,"Realme Buds Wireless 2 In-Ear Active Noise Cancellation Wireless Earphone with Mic (Bluetooth 5.0, RMA2009, Bass Grey)",1.0,500018, Pay by UPI ,1899.0,year-2021_month-10
196,"Croma In-Ear Wired Earphone with Mic (Voice Assistant Supported, CREA7302, Black)",1.0,262001, Tata Pay ,399.0,year-2021_month-10
197,"Pebble Copper 1 Meter USB 2.0 (Type-A) to Micro USB 2.0 (Type-B) Power/Charging, Data Transfer USB Cable (Quick Sync and Charge, PBCM10, White)",1.0,262001, Tata Pay ,99.0,year-2021_month-10
198,"Havells EcoStar 4 + 1 6 Amps 4 Sockets Spike Guard (4 Meters, Neon Indicator, AHNKXXR004, White)",1.0,500081, NetBanking ,549.0,year-2021_month-10
199,"Samsung 7 Series 138cm (55 Inch) Ultra HD 4K LED Smart TV (Multi Voice Assistant Supported, UA55AU7700KLXL, Titan Grey)",1.0,400037, Debit Card ,49999.0,year-2021_month-10
200,"Realme Buds Air 2 In-Ear Active Noise Cancellation Truly Wireless Earbuds with Mic (Bluetooth 5.2, Smart Detection Sensor, RMA2003, Closer Black)",1.0,400101, Credit Card ,2799.0,year-2021_month-10
201,"Wonderchef Hydro-Bot 750 ml Bottle (Spill and Leak Proof, 63153143)",2.0,842001, Tata Pay ,610.0,year-2021_month-10
202,"Apple USB 3.0 (Type-C) to 3.5mm Stereo Audio Aux Cable (For iPads, MU7E2ZM/A, White)",1.0,560036, Pay by UPI ,849.0,year-2021_month-10
203,"Apple iPad mini 6 WiFi iPadOS Tablet (iPadOS 15, Apple A15 Bionic Chip, 21.08cm (8.3 Inches), 256GB ROM, MK7T3HN/A, Space Grey)",1.0,452014, EMI ,60900.0,year-2021_month-10
204,"Xiaomi Redmi Note 10 Pro (128GB ROM, 8GB RAM, MZB08WVIN, Dark Night)",1.0,400065, Credit Card ,19499.0,year-2021_month-10
205,"boAt In-Ear Wired Earphones with Mic (BassHeads 228, Black)",1.0,842001, Tata Pay ,499.0,year-2021_month-10
206,"Apple Airpods Pro In-Ear Active Noise Cancellation Truly Wireless Earbuds with Mic (Bluetooth 5.0, with Wireless Charging Case, MWP22HN/A, White)",1.0,201301, Credit Card ,17299.0,year-2021_month-10
207,"Elica 4 Burner Glass Gas Stove (Brass Burner, 694 CT DT VETRO, Black)",1.0,500050, GiftCard/Voucher / Debit Card ,6499.0,year-2021_month-10
208,"Elica 1200 m³/hr 60cm Filterless Chimney (Heat Auto Clean Technology, WDFL 606 HAC MS NERO, Black)",1.0,500050, GiftCard/Voucher / Debit Card ,11990.0,year-2021_month-10
209,"Xiaomi Mi TV 5X 108cm (43 Inch) Ultra HD 4K LED Android Smart TV (Google and Alexa Supported, L43M6-ES, Metallic Grey)",1.0,500009, EMI ,31999.0,year-2021_month-10
210,"boAt Bassheads 122 In-Ear Wired Earphone with Mic (Premium HD Sound, Gun Metal)",1.0,530018, Tata Pay ,499.0,year-2021_month-10
211,"Samsung Galaxy M11 (Blue, 64 GB, 4 GB RAM)",2.0,382345, Credit Card ,18998.0,year-2021_month-10
212,"Atomberg Renesa Smart Plus 120cm Sweep 3 Blade Smart Ceiling Fan (Remote Control, RSFP31200RG, Golden Oakwood)",1.0,560085, EMI ,5745.0,year-2021_month-10
213,"Boat Rockerz255R In-Ear Wireless Earphones with Mic (Bluetooth 4.1, Red)",1.0,160062, GiftCard/Voucher / Credit Card ,741.0,year-2021_month-10
214,"boAt Bassheads 122 In-Ear Wired Earphone with Mic (Premium HD Sound, Gun Metal)",1.0,401209, Tata Pay ,499.0,year-2021_month-10
215,"LG 7 Kg 5 Star Fully Automatic Top Load Washing Machine (T70SJMB1Z.ABMQEIL, Middle Black)",1.0,500020, Credit Card ,21450.0,year-2021_month-11
216,"Kent Grand Plus RO+UV+UF+TDS Electrical Water Purifier (Safe and Tasty Drinking Water, 11099, White)",1.0,500007, Credit Card ,16433.0,year-2021_month-11
217,"boAt In-Ear Wired Earphones with Mic (BassHeads 228, Black)",1.0,751010, GiftCard/Voucher ,499.0,year-2021_month-11
218,Sony ILCE-6000Y 24.3 MP Mirrorless Digital SLR Camera with 16-50 mm and 55-210 mm Lenses,1.0,500055, EMI ,53990.0,year-2021_month-11
219,"Lenovo L22e-30 54.61cm (21.5 Inches) Full HD WLED-Backlit Monitor (AMD FreeSync Technology, HDMI + VGA + Aux, 75 Hz, 66CBKAC1IN, Black)",1.0,110025, GiftCard/Voucher / Credit Card ,11790.0,year-2021_month-11
220,"Jabra Elite 75t In-Ear Active Noise Cancellation Truly Wireless Earbuds with Mic (Bluetooth 5.0, Voice Assistant Supported, 100-99090000-40, Titanium Black)",1.0,110025, GiftCard/Voucher / Credit Card ,7999.0,year-2021_month-11
221,"Apple Airpods Pro In-Ear Active Noise Cancellation Truly Wireless Earbuds with Mic (Bluetooth 5.0, with Wireless Charging Case, MWP22HN/A, White)",1.0,416229, Debit Card ,19800.0,year-2021_month-11
222,"Realme Buds Wireless 2 In-Ear Active Noise Cancellation Wireless Earphone with Mic (Bluetooth 5.0, RMA2009, Bass Grey)",1.0,500020, Credit Card ,1899.0,year-2021_month-11
223,"Lenovo Tab M10 (2nd Gen) WiFi + 4G Android Tablet (Android 9.0 Pie, MediaTek Helio P22T, 26.16cm (10.1 Inches), 4GB RAM, 128GB ROM, ZA8J0003IN, Platinum Grey)",1.0,416012, Credit Card ,21999.0,year-2021_month-11
224,"Infinity Swing 300 In-Ear Truly Wireless Earbuds with Mic (Bluetooth 5.0, Handsfree Stereo Calls, INFSWG300PBLK, Black)",1.0,416012, Credit Card ,4999.0,year-2021_month-11
225,"LG 7 Kg 5 Star Fully Automatic Top Load Washing Machine (T70SJMB1Z.ABMQEIL, Middle Black)",1.0,500086, Credit Card ,21450.0,year-2021_month-11
226,"boAt In-Ear Truly Wireless Earbuds with Mic (Bluetooth 5.0, Airdopes 408, Active Black)",1.0,576102, Pay by UPI ,1499.0,year-2021_month-11
227,"boAt In-Ear Wireless Earphone with Mic (Bluetooth 5.0, Rockerz 338, Black)",1.0,400608, Pay by UPI ,1499.0,year-2021_month-11
228,"Sony Bluetooth Earphones (WI-XB400/BZ IN, Black)",1.0,411051, GiftCard/Voucher / NetBanking ,2762.0,year-2021_month-11
229,"Noise ColorFit Ultra Smart Watch (GPS, 44.45mm) (Stress monitor, wrb-sw-colorfitult, Gunmetal Grey, Silicone) ",1.0,560053, Pay by UPI ,3299.0,year-2021_month-11
230,"LG 45 Litres 2 Star Direct Cool Single Door Refrigerator (Anti Bacterial Gasket, GL-M051RSWC, Super White)",2.0,226020, Credit Card ,11998.0,year-2021_month-11
231,"Fire-Boltt 10BGHAAY#1 Over-Ear Wired Gaming Headphone with Mic (Luminous LED Lights, BGH1000, Blue)",1.0,411021, Wallet ,1399.0,year-2021_month-11
232,"Kingston DataTraveler Exodia 32GB USB 3.2 Flash Drive (200 MB/s Read Speed, DTX/32GB, Black)",1.0,517501, ${ctx.order.paymentMode} ,499.0,year-2021_month-11
233,"Apple Earpods In-Ear Earphones with Mic (With Lighting Connector, MMTN2ZM/A, White)",1.0,110059, NetBanking ,1900.0,year-2021_month-11
234,"Conekt Zeal Proton Pro 10000mAh 2-Port Power Bank (Battery Status Indicator, CPB019, Black) ",1.0,110085, Credit Card ,599.0,year-2021_month-11
235,"Havells Dry Nose & Ear Trimmer (NE6322, Black)",1.0,400037, Credit Card ,349.0,year-2021_month-11
236,"Havells Aquilla 1000 Watts Dry Iron (GHGDICEO100, Amber)",1.0,121009, GiftCard/Voucher / Credit Card ,649.0,year-2021_month-11
237,"Havells Instanio 3 Litres Instant Water Geyser (3000 Watts, GHWAIAPWB003, White/Blue)",1.0,121009, GiftCard/Voucher / Credit Card ,3565.0,year-2021_month-11
238,"Tp-Link Single Band Wi-Fi Range Extender (RE200 AC750, White)",1.0,110087, Wallet ,1799.0,year-2021_month-11
239,"boAt In-Ear Wired Earphones with Mic (BassHeads 228, Red)",1.0,691333, GiftCard/Voucher ,599.0,year-2021_month-11
240,"boAt In-Ear Wired Earphones with Mic (BassHeads 110, Black)",2.0,691333, GiftCard/Voucher ,798.0,year-2021_month-11
241,"boAt In-Ear Wired Earphones with Mic (BassHeads 110, White)",1.0,691333, GiftCard/Voucher ,399.0,year-2021_month-11
242,"ARU 24 Watts 2 USB Ports Car Charging Adapter (Fast Charging, AQC-24, Black)",1.0,691333, GiftCard/Voucher ,360.0,year-2021_month-11
243,"Croma Arctic 22 Litres Personal Air Cooler (Inverter Compatible, CRRC1203, White/Grey)",1.0,600100, EMI ,4590.0,year-2021_month-11
244,"Croma 170 Litres 2 Star Direct Cool Single Door Refrigerator (CRAR0215, Brushline Silver)",1.0,392165, EMI ,9490.0,year-2021_month-11
245,"boAt In-Ear Wired Earphones with Mic (BassHeads 110, Black)",1.0,455001, GiftCard/Voucher ,399.0,year-2021_month-11
246,"Samsung Galaxy Tab A7 Lite WiFi + 4G Android Tablet (Android 11, MediaTek Helio P22T, 22.05cm (8.7 Inches), 3GB RAM, 32GB ROM, SM-T225NZAAINS, Grey)",1.0,500013, Credit Card ,12640.0,year-2021_month-11
247,"OnePlus Bullets Wireless Z Bass Edition In-Ear Wireless Earphone with Mic (Bluetooth 5.0, Quick Switch, 5481100067, Bold Black)",1.0,444606, GiftCard/Voucher / WALLET ,1990.0,year-2021_month-11
248,"pTron Bass Pods 281 In-Ear Passive Noise Cancellation Truly Wireless Earbuds with Mic (Bluetooth 5.1, Sweat And Sweat Resistance, 140317947, Blue)",1.0,110042, GiftCard/Voucher / UPI ,1090.0,year-2021_month-11
249,"LG G1 165.1cm (65 Inch) Ultra HD 4K OLED Smart TV (NVIDIA G-Sync Compatibility, OLED65G1PTZ, Dark Steel Silver)",1.0,401303, Debit Card ,258999.0,year-2021_month-11
250,"Apple iPad mini WiFi iOS Tablet (iPadOS 15, Apple A15 Bionic Chip, 21.08cm (8.3 Inches), 64GB ROM, MK7P3HN/A, Starlight)",1.0,122004, Credit Card ,46900.0,year-2021_month-11
251,"OnePlus Nord 2 5G (128GB ROM, 8GB RAM, DN2101, Grey Sierra)",1.0,380055, GiftCard/Voucher ,29999.0,year-2021_month-11
252,"Apple Earpods In-Ear Earphones with Mic (With Lighting Connector, MMTN2ZM/A, White)",1.0,110059, Credit Card ,1499.0,year-2021_month-11
253,"HP Lightweight 500 17 Litres 600D Gucci Polyester Backpack for 15.6 Inch Laptop (USB Charging Plug, 1B3M8AA, Black)",1.0,400072, NetBanking ,1349.0,year-2021_month-11
254,"Realme X7 (128GB ROM, 6GB RAM, RMX2121, Nebula)",1.0,110014, Credit Card ,19999.0,year-2021_month-11
255,"Oppo A74 (128GB ROM, 6GB RAM, CPH2263, Fantastic Purple)",1.0,600035, Pay by UPI ,17990.0,year-2021_month-11
256,"Apple Earpods In-Ear Earphones with Mic (With Lighting Connector, MMTN2ZM/A, White)",1.0,500024, Pay by UPI ,1499.0,year-2021_month-11
257,"Xiaomi Redmi 10 Prime (128GB ROM, 6GB RAM, MZB09QYIN, Astral White)",1.0,492001, GiftCard/Voucher / Debit Card ,14999.0,year-2021_month-11
258,"HP L8J89AA 15.6 Inch Laptop Backpack (L8J89AA#ACJ, Grey)",1.0,400061, Credit Card ,1494.0,year-2021_month-11
259,"Crompton Activhot 1 Litre 1000 Watts Electric Kettle (Detachable Base, Auto Shut-off, ACGEK-ACTIVHOT1, Black)",1.0,110059, Tata Pay ,1260.0,year-2021_month-11
260,"Croma 190 Litres 2 Star Direct Cool Single Door Refrigerator (CRAR0216, Brushline Silver)",1.0,452001, Pay by UPI ,11490.0,year-2021_month-11
261,"boAt Airdopes 138 In-Ear Truly Wireless Earbuds with Mic (Bluetooth 5.0, Voice Assistant Supported, Cherry)",1.0,600053, GiftCard/Voucher / WALLET ,1099.0,year-2021_month-11
262,"Realme Buds 2 Wired Earphones (ACCFKYE2ARGG67WC, Black)",1.0,560061, GiftCard/Voucher / UPI ,599.0,year-2021_month-11
263,"Apple iPhone 11 (128GB ROM, 4GB RAM, MHDJ3HN/A, White)",1.0,411017, Credit Card ,52700.0,year-2021_month-11
264,"Croma 10000mAh 2-Port Power Bank (18 Months Warranty, CRCA0083, Black)",1.0,400068, Pay by UPI ,799.0,year-2021_month-11
265,"Croma Bluetooth Speaker With Hook (CRER2107, Black)",1.0,400057, Debit Card ,599.0,year-2021_month-11
266,"OnePlus Nord 2 5G (128GB ROM, 8GB RAM, DN2101, Blue Haze)",1.0,110059, Credit Card ,29999.0,year-2021_month-11
267,"Sennheiser CX 300s In-Ear Wired Earphones (Noise Isolation, 508593, Black)",1.0,560025, Debit Card ,2299.0,year-2021_month-11
268,"Dell Alienware Pro Gaming Keyboard (580-AGNX, Black)",1.0,400037, Pay by UPI ,9699.0,year-2021_month-11
269,"Samsung 2.1 Channel 300 Watts Dolby Sound Bar (Bass Boost, HW-A450/XL, Black)",1.0,410206, Credit Card ,15990.0,year-2021_month-11
270,"Spigen Nitro Force TPU & PC Back Case For iPhone 12/iPhone 12 Pro (Air Cushion Technology, ACS02637, Matte Black)",1.0,690101, Credit Card ,1679.0,year-2021_month-11
271,"boAt In-Ear Wireless Earphone with Mic (Bluetooth 5.0, Rockerz 338, Black)",1.0,462023, GiftCard/Voucher ,1199.0,year-2021_month-11
272,"HP L8J89AA 15.6 Inch Laptop Backpack (L8J89AA#ACJ, Grey)",1.0,400061, Credit Card ,1494.0,year-2021_month-11
273,"OnePlus Bullets Wireless Z Bass Edition In-Ear Wireless Earphone with Mic (Bluetooth 5.0, Quick Switch, 5481100067, Bold Black)",1.0,400091, Debit Card ,1999.0,year-2021_month-11
274,"Samsung Guru 1200 (Black, 153 MB RAM)",1.0,400026, Wallet ,999.0,year-2021_month-11
275,"HP L8J89AA 15.6 Inch Laptop Backpack (L8J89AA#ACJ, Grey)",1.0,400095, Credit Card ,1494.0,year-2021_month-11
276,"Philips Spectre 4.1 Litres Electric Air Fryer (Rapid Air Technology, HD9200/90, Black)",1.0,600017, Credit Card ,7999.0,year-2021_month-11
277,"Havells Dry Nose & Ear Trimmer (NE6322, Black)",1.0,302019, Credit Card ,445.0,year-2021_month-11
278,"Portronics 12D Ruffpad 30.4 cm (11.96 inches) E-Writer Digital Pad (POR 1127, Black)",1.0,600012, Credit Card ,379.0,year-2021_month-11
279,"Pebble Copper 1 Meter USB 2.0 (Type-A) to Micro USB 2.0 (Type-B) Power/Charging, Data Transfer USB Cable (Quick Sync and Charge, PBCM10, Black)",1.0,516002, Tata Pay ,99.0,year-2021_month-11
280,"Samsung Galaxy S21 (128GB ROM, 8GB RAM, SM-G991BZVDINU, Phantom Violet)",1.0,311001, Credit Card ,59990.0,year-2021_month-12
281,"Lenovo Slim Everyday 18 Litres Polyester Backpack for 15.6 Inch Laptop (Adjustable Straps, GX41B33568, Black)",1.0,322201, GiftCard/Voucher / UPI ,549.0,year-2021_month-12
282,"Spigen Ultra Hybrid Case For Apple Watch Series 6/SE/Series 5/Series 4 (44mm) (Everyday Scratch Defense, ACS01838, Space Crystal)",1.0,600094, Debit Card ,890.0,year-2021_month-12
283,"Sony Playstation 5 825GB SSD (CFI-1008A01R, White)",1.0,500018, Pay by UPI ,49990.0,year-2021_month-12
284,"LG 45 Litres 2 Star Direct Cool Single Door Refrigerator (Anti Bacterial Gasket, GL-M051RSWC, Super White)",2.0,226020, Credit Card ,13980.0,year-2021_month-12
285,"OnePlus Nord 2 5G (256GB ROM, 12GB RAM, DN2101, Grey Sierra)",1.0,122015, EMI ,34999.0,year-2021_month-12
286,"SanDisk Ixpand 15 Watts Wireless Charging Pad (QC 3.0 Adapter, SDIZB0N-000I-GNCNN, White)",1.0,440033, GiftCard/Voucher / Credit Card ,2999.0,year-2021_month-12
287,"Xiaomi Redmi Note 10 Prime (128GB ROM, 6GB RAM, MZB09R1IN, Phantom Black)",1.0,452006, EMI ,14999.0,year-2021_month-12
288,"Redmi 9A (32GB ROM, 2GB RAM, MZB9881IN, Nature Green)",1.0,190001, Debit Card ,7599.0,year-2021_month-12
289,"Redmi 9A (32GB ROM, 2GB RAM, MZB9875IN, Midnight Black)",1.0,190001, Debit Card ,7599.0,year-2021_month-12
290,"Samsung Guru 1200 (Black, 153 MB RAM)",1.0,400026, Wallet ,999.0,year-2021_month-12
291,"boAt Airdopes 138 In-Ear Truly Wireless Earbuds with Mic (Bluetooth 5.0, Voice Assistant Supported, Cherry)",1.0,576102, GiftCard/Voucher ,999.0,year-2021_month-12
292,"Apple iPhone 12 (128GB ROM, 4GB RAM, MGJE3HN/A, Blue)",1.0,560075, Debit Card ,68900.0,year-2021_month-12
293,"Noise ColorFit Pro 2 Smart Watch (33mm) (Customizable and Cloud-Based Watch Face, wrb-sw-colorfitpro, Onyx Black, TPU Band)",1.0,110062, GiftCard/Voucher / Credit Card ,2999.0,year-2021_month-12
294,"Redmi 9A (32GB ROM, 2GB RAM, MZB9881IN, Nature Green)",2.0,110091, Credit Card ,14598.0,year-2021_month-12
295,"Sony Sport Open-Ear Wired Earphone (Splash-Proof, MDR-AS210, Blue)",1.0,560061, Pay by UPI ,790.0,year-2021_month-12
296,"Croma Fire TV 80cm (32 Inch) HD Ready LED Smart TV (Alexa Voice Assistant Remote, CREL7364, Black)",1.0,422101, Wallet ,16990.0,year-2021_month-12
297,"Syska DualEdge Dry Nose & Ear Trimmer (NT1000, Black)",1.0,400092, Pay by UPI ,660.0,year-2021_month-12
298,"Bajaj Majesty 1000 Watt Dry Iron (MajestyDX6, White)",1.0,324001, GiftCard/Voucher / Credit Card ,619.0,year-2021_month-12
299,"Philips 36 Litres OTG (Convection Mode, HD6976/00, Black)",1.0,422101, Wallet ,9999.0,year-2021_month-12
300,"Apple iPad Pro 11 3rd Gen WiFi iOS Tablet (iPadOS 14, Apple M1 Chip, 27.96 cm (11 Inches), 8GB RAM, 128GB ROM, MHQT3HN/A, Silver)",1.0,560015, Credit Card ,69490.0,year-2021_month-12
301,"LG 45 Litres 2 Star Direct Cool Single Door Refrigerator (Anti Bacterial Gasket, GL-M051RSWC, Super White)",2.0,226020, Credit Card ,10980.0,year-2021_month-12
302,"Swiss Military 42 Litres Trolley Bag (HTL82, Black)",1.0,400058, Pay by UPI ,3490.0,year-2021_month-12
303,"I KALL Lighting Mono 5 Watts Portable Speaker (Bluetooth, IK-101, Black)",1.0,301001, GiftCard/Voucher ,500.0,year-2021_month-12
304,"Vivo Y12s (32GB ROM, 3GB RAM, Phantom Black)",1.0,422101, Wallet ,10990.0,year-2021_month-12
305,"XP-Pen Deco Digital Pad for Desktop, Laptop, iMac, MacBook, Mobile, Tablet (EMR Technology, Deco 01 V2, Black)",1.0,411019, Pay by UPI ,6099.0,year-2021_month-12
306,"Apple 20 Watt USB-C Power Adapter (MHJD3HN/A, White)",1.0,560075, Debit Card ,1900.0,year-2021_month-12
307,"IFB 25 Litres Convection Microwave Oven (With Starter Kit, 25BC4, Black)",1.0,560099, Credit Card ,12890.0,year-2021_month-12
308,IFB M/W Borosil 2PCS Kit,1.0,560099, Credit Card ,0.01,year-2021_month-12
309,"Vivo Y12s (32GB ROM, 3GB RAM, Phantom Black)",1.0,422101, Wallet ,10990.0,year-2021_month-12
310,"Havells Instanio 3 Litres Instant Water Geyser (3000 Watts, GHWAIAPWB003, White/Blue)",1.0,201011, Credit Card ,3669.0,year-2021_month-12
311,"Havells Aquilla 1000 Watts Dry Iron (GHGDICEO100, Amber)",1.0,201011, Credit Card ,855.0,year-2021_month-12
312,"Philips 3000 Series 3 Setting Hair Dryer (Foldable Handle, BHD308/30, White)",1.0,110077, Pay by UPI ,1699.0,year-2021_month-12
313,"Usha Sandwich Maker (ST1XG, Steel)",1.0,124507, GiftCard/Voucher ,1549.0,year-2021_month-12
314,"Philips EasySpeed 1400 Watts Steam Iron (Fine Spray, GC1905, Blue)",1.0,124507, GiftCard/Voucher ,1499.0,year-2021_month-12
315,"Havells HC4045 5-in-1 Multi-Styling Kit (5 Attachments, Ceramic Plates, Blue/Black)",1.0,124507, GiftCard/Voucher ,2326.0,year-2021_month-12
316,"Ambrane Aura Stainless Steel Blades Cordless Trimmer (20 Length Settings, ATR-11, Black)",1.0,124507, GiftCard/Voucher ,880.0,year-2021_month-12
317,"boAt Rockerz On-Ear Wireless Headphones (610, Black)",1.0,110012, Pay by UPI ,1999.0,year-2021_month-12
318,"LG 45 Litres 2 Star Direct Cool Single Door Refrigerator (Anti Bacterial Gasket, GL-M051RSWC, Super White)",2.0,226020, Credit Card ,13980.0,year-2021_month-12
319,"Apple AirPods 3 In-Ear Truly Wireless Earbuds with Mic (Bluetooth 5.0, Fast Charging, MME73HN/A, White)",1.0,141013, Credit Card ,17200.0,year-2021_month-12
320,"Samsung Galaxy M11 (64GB ROM, 4GB RAM, SM-M115FZKEINS, Black)",1.0,380055, GiftCard/Voucher ,9999.0,year-2021_month-12
321,"Xiaomi Redmi 9 Activ (64GB ROM, 4GB RAM, MZB0A5FIN, Carbon Black)",1.0,380055, GiftCard/Voucher ,9799.0,year-2021_month-12
322,"HP DeskJet 2729 Wireless Color All-in-One Inkjet Printer (Mobile Printing Capability, 7FR54D, Tera Cotta)",1.0,841301, NetBanking ,5699.0,year-2021_month-12
323,"Nokia 105 (4MB ROM, 4MB RAM, Black)",1.0,431001, GiftCard/Voucher / Credit Card ,1349.0,year-2021_month-12
324,"Samsung Galaxy Tab S6 Lite WiFi Android Tablet (Android 10, Exynos 9611, 26.31 cm (10.4 Inches), 4GB RAM, 64GB ROM, Oxford Grey)",1.0,560026, Credit Card ,23900.0,year-2022_month-01
325,"Apple AirPods 3 In-Ear Truly Wireless Earbuds with Mic (Bluetooth 5.0, Fast Charging, MME73HN/A, White)",1.0,422101, Wallet ,18500.0,year-2022_month-01
326,"Xiaomi Mi 4A Horizon Edition 100cm (40 Inch) Full HD LED Android Smart TV (Built-in Chromecast, ELA4642IN, Black)",1.0,422101, Wallet ,24999.0,year-2022_month-01
327,"Xiaomi Mi Smart Band 6 (Bluetooth, 39.62mm) (Personal Activity Intelligence, XMSH15HM, Black, TPU Band)",1.0,226016, Pay by UPI ,3299.0,year-2022_month-01
328,"Croma Fire TV 80cm (32 Inch) HD Ready LED Smart TV (Alexa Voice Assistant Remote, CREL7364, Black)",1.0,422101, Wallet ,14990.0,year-2022_month-01
329,"Apple 1 Meter USB 2.0 (Type-A) to Lightning Power/Charging USB Cable (For iPhones, MXLY2ZM/A, White)",1.0,400060, Pay by UPI ,1500.0,year-2022_month-01
330,"Xiaomi Mi 4C Wireless Router (DVB4211IN, White)",1.0,400078, Pay by UPI ,999.0,year-2022_month-01
331,"Samsung Galaxy A32 (128GB ROM, 8GB RAM, SM-A325FZBIINS, Awesome Blue)",1.0,422101, Wallet ,23499.0,year-2022_month-01
332,"Borosil Oval Baking Dish for Microwave, Fridge, Dishwasher (Borosilicate Glass, ICY22OD0107, Transparent)",1.0,516002, Tata Pay ,255.0,year-2022_month-01
333,"Lenovo Slim Everyday 18 Litres Polyester Backpack for 15.6 Inch Laptop (Adjustable Straps, GX41B33568, Black)",1.0,474001, GiftCard/Voucher / Debit Card ,549.0,year-2022_month-01
334,"Lenovo IdeaPad Flex 3 Chromebook 11IJL6 Celeron Chrome OS Laptop (4GB RAM, 128GB eMMC, Intel UHD Graphics, 29.46cm, 82N30012HA, Arctic Grey)",1.0,626101, Credit Card ,27990.0,year-2022_month-01
335,"Dettol No-Touch Automatic Handwash Refill (250 ml Capacity, 3190608, White/Green)",1.0,560042, Pay by UPI ,180.0,year-2022_month-01
336,"Eveready AA Heavy Duty Carbon Zinc Battery (1015U400800, Red) (Pack of 4)",1.0,516002, Tata Pay ,52.0,year-2022_month-01
337,"Beurer Pulse Oximeter (XL Colour Display, PO80, Grey)",1.0,400064, Credit Card ,6920.0,year-2022_month-01
338,"Havells Hexo 1000 Watts 3 Jars Juicer Mixer Grinder (ACS Technology, GHFJMDIV100, Grey)",1.0,380007, GiftCard/Voucher / Credit Card ,6246.0,year-2022_month-01
339,"Onsitego 2 Year Extended Warranty for Jucier Mixer Grinder (Rs.5,000 - Rs.10,000)",1.0,380007, GiftCard/Voucher / Credit Card ,494.0,year-2022_month-01
340,"Portronics Paddie Mobile Holder For Mobile & Tablet (Angle Adjustable, POR 1034, White)",1.0,500015, Wallet ,449.0,year-2022_month-01
341,Boat Rugged 150 Cm Micro USB Cable (Black),1.0,500015, Wallet ,299.0,year-2022_month-01
342,"OnePlus Bullets Wireless Z Bass Edition In-Ear Passive Noise Cancellation Wireless Earphone with Mic (Bluetooth 5.0, Warp Charge, 5481100055, Bass Blue)",1.0,500015, Wallet ,1999.0,year-2022_month-01
343,"Croma 50 Litres 2 Star Direct Cool Reversible Single Door Refrigerator (CRAR0218, White)",1.0,560103, Debit Card ,8490.0,year-2022_month-01
344,"Croma Kube 5 Watts Portable Bluetooth Speaker (Built-in Battery, CRER2115, Black)",1.0,110001, Pay by UPI ,499.0,year-2022_month-01
345,"Boat Partypal 23 15 Watts Party Speaker (Karaoke Supported, Black)",1.0,110092, Credit Card ,1999.0,year-2022_month-01
346,"HP Smart Tank 720 Wireless Color All-in-One Inkjet Printer (High Page Yield, 6UU46A, White)",1.0,110092, Credit Card ,19599.0,year-2022_month-01
347,"Vivo V23 Pro 5G (128GB ROM, 8GB RAM, V2132, Sunshine Gold)",1.0,209728, Debit Card ,38990.0,year-2022_month-01
348,"Infinity Swing 300 In-Ear Truly Wireless Earbuds with Mic (Bluetooth 5.0, Handsfree Stereo Calls, INFSWG300PBLK, Black)",1.0,209728, Debit Card ,4999.0,year-2022_month-01
349,"Targus Magnetic Privacy Screen for Apple MacBook 13.3-inch (ASM133MBAP-60, Transparent)",1.0,560056, Pay by UPI ,1494.0,year-2022_month-01
350,"Boompods Boombuds X Wireless Earbuds (BP-BBUDX, Black)",1.0,110059, Credit Card ,799.0,year-2022_month-01
351,"boAt In-Ear Truly Wireless Earbuds with Mic (Bluetooth 5.0, boAt Signature Sound, Airdopes 131 RTL, Active Black)",1.0,400017, Pay by UPI ,899.0,year-2022_month-01
352,"LG 45 Litres 2 Star Direct Cool Single Door Refrigerator (Anti Bacterial Gasket, GL-M051RSWC, Super White)",2.0,226020, Credit Card ,13980.0,year-2022_month-01
353,"Voltas Beko 339 Litres 2 Star Frost Free ProSmart Inverter Double Door Refrigerator (Super Cooling, RFF363I, Silver)",1.0,600082, EMI ,25490.0,year-2022_month-01
354,"iFFALCON F52 80cm (32 Inch) HD Ready LED Android Smart TV (Built-In Chromecast, 32F52, Black)",1.0,110093, Credit Card ,12990.0,year-2022_month-01
355,"Onsitego 2 Year Extended Warranty for Television (Rs.10,000 - Rs.15,000)",1.0,110093, Credit Card ,1198.0,year-2022_month-01
356,"Portronics 200 Watts 2 USB Ports Car Charging Adapter (Multi Socket, POR 003, Black)",1.0,110053, Wallet ,2290.0,year-2022_month-01
357,"Lenovo Yoga Smart Tab WiFi + 4G Android Tablet (Android 9.0 Pie, Qualcomm Snapdragon 439, 25.6 cm (10.1 Inches), 4GB RAM, 64GB ROM, ZA540019IN, Iron Grey)",1.0,560040, Credit Card ,17900.0,year-2022_month-01
358,"Apple AirPods 3 In-Ear Truly Wireless Earbuds with Mic (Bluetooth 5.0, Fast Charging, MME73HN/A, White)",1.0,752001, GiftCard/Voucher / Credit Card ,18500.0,year-2022_month-01
359,"OnePlus Nord 2 5G (128GB ROM, 8GB RAM, DN2101, Blue Haze)",1.0,380055, GiftCard/Voucher / Credit Card ,29999.0,year-2022_month-01
360,"Philips StyleCare Essential Hair Straightening Brush (SilkPro Care, BHH880/10, Black)",1.0,360005, Credit Card ,2697.0,year-2022_month-01
361,"Dettol No-Touch Automatic Handwash Refill (250 ml Capacity, 3190608, White/Green)",1.0,410206, Pay by UPI ,180.0,year-2022_month-01
362,"HP 805 Original Pack of 1 Ink Cartridge (3YM73AA, Black)",1.0,603103, Tata Pay ,718.0,year-2022_month-01
363,"Lenovo Yoga Smart Tab WiFi + 4G Android Tablet (Android 9.0 Pie, Qualcomm Snapdragon 439, 25.6 cm (10.1 Inches), 4GB RAM, 64GB ROM, ZA540019IN, Iron Grey)",1.0,560040, Credit Card ,17900.0,year-2022_month-01
364,"Spigen Neoflex Screen Protector for Samsung Galaxy Note 20/Note 20 5G (Undisturbed Touch Response, AFL01451, Transparent)",1.0,490006, NetBanking ,1099.0,year-2022_month-01
365,"Realme C21Y (64GB ROM, 4GB RAM, RMX3261, Cross Blue)",2.0,421302, Credit Card ,19198.0,year-2022_month-01
366,"Apple iPhone 13 (256GB ROM, MLQA3HN/A, Blue)",1.0,751010, EMI ,81990.0,year-2022_month-01
367,Logitech MK345 Wireless Keyboard & Mouse Combo (Black),1.0,122002, Credit Card ,2295.0,year-2022_month-01
368,Usha IC3616 Induction Cooktop (Black),1.0,382016, Pay by UPI ,2299.0,year-2022_month-01
369,"Croma 80cm (32 Inch) HD Ready TV (A Grade Panel, CREL7369, Black)",1.0,600062, Pay by UPI ,8490.0,year-2022_month-01
370,"Western Digital Elements 1.5 TB External Hard Disk (WDBU6Y0015BBK-WESN, Black)",1.0,500039, GiftCard/Voucher / Debit Card ,3999.0,year-2022_month-01
371,"VIP Argo 45 Litres Polycarbonate Trolley Bag (Water Resistant, ARGO55CPN, Grey)",1.0,400606, GiftCard/Voucher ,1649.0,year-2022_month-01
372,JBL Endurance Run In-Ear Wired Earphones with Mic (Black),1.0,400606, GiftCard/Voucher ,939.0,year-2022_month-01
373,"Philips Daily Collection 830 Watts 2-Slice Pop-up Toaster (Integrated Bun Rack, HD2582/00, White)",1.0,560102, Pay by UPI ,1826.0,year-2022_month-01
374,"Bosch Serie 4 6 kg 5 Star Fully Automatic Front Load Washing Machine (EcoSilence Drive Motor, WLJ2026WIN, White)",1.0,560077, Credit Card ,27490.0,year-2022_month-01
375,"Xiaomi Redmi Note 10S (64GB ROM, 6GB RAM, MZB09N5IN, Cosmic Purple)",1.0,382350, Credit Card ,14499.0,year-2022_month-01
376,"Dettol No-Touch Automatic Handwash Refill (250 ml Capacity, 3190608, White/Green)",1.0,580021, Credit Card ,180.0,year-2022_month-01
377,"Portronics 200 Watts 2 USB Ports Car Charging Adapter (Multi Socket, POR 003, Black)",1.0,110053, Wallet ,2290.0,year-2022_month-01
378,"XP-Pen Star Graphic Tablet for Desktop, Laptop, iMac, MacBook, Mobile, Tablet (8192 Levels of Pressure Sensitivity, Star G960S Plus, Black)",1.0,500076, Pay by UPI ,4799.0,year-2022_month-01
379,"Aquaguard Neo UV + UF + MC Electrical Water Purifier (Mineral Charge Technology, GWPDNUVUF00000, Black/Chrome Metallic)",1.0,411041, EMI ,8900.0,year-2022_month-01
380,"Goldmedal Curve Quord 10 Amp 3 Sockets Extension Board 4 Meters (Minimalistic Elegance, 205119, White/Red)",1.0,110027, Wallet ,409.0,year-2022_month-01
381,"Apple iPhone 13 Pro (128GB ROM, 4GB RAM, MLVA3HN/A, Silver)",1.0,752001, GiftCard/Voucher / Credit Card ,119900.0,year-2022_month-01
382,"Hyphen Aire TPU Back Case and Screen Protector Bundle for iPhone 13 Pro (Wireless Charging Compatible, HCD-CTG13P8204, Clear)",1.0,752001, GiftCard/Voucher / Credit Card ,899.0,year-2022_month-01
383,"boAt Airdopes 138 In-Ear Truly Wireless Earbuds with Mic (Bluetooth 5.0, Voice Assistant Supported, Cherry)",1.0,600126, NetBanking ,1299.0,year-2022_month-01
384,"Noise One On-Ear Noise Isolation Wireless Headphone with Mic (Bluetooth 5.0, Tru Bass Technology, Soft Black)",1.0,530017, Tata Pay ,1349.0,year-2022_month-01
385,"Apple iPhone 13 (128GB ROM, MLPJ3HN/A, (Product)Red)",1.0,752001, EMI ,69990.0,year-2022_month-01
386,"Croma On-Ear Wireless Headphone with Mic (Bluetooth 5.0, CREEH1904sHPA4, Black)",1.0,342008, Credit Card ,849.0,year-2022_month-01
387,"Borosil Klip-N-Store 520 ml Square Storage Container (IYKLSSQC520, Transparent)",1.0,500050, GiftCard/Voucher / UPI ,309.0,year-2022_month-01
388,"Spigen Liquid Crystal TPU Back Case For iPhone 11 (Shock-Absorbent, 076CS27180, Space Crystal)",1.0,560085, Pay by UPI ,570.0,year-2022_month-01
389,"Haier 20 Litres Convection Microwave Oven (HIL2001CWPH, White)",1.0,560114, Credit Card ,8750.0,year-2022_month-01
390,Roxx Pro 2 Piece Bowl Kit (Provided with Haier Microwave) (Freebie - Not Sold Separately),1.0,560114, Credit Card ,490.0,year-2022_month-01
391,"Samsung 100 cm USB (Type-A) to USB (Type-C) Cable (EP-DG930IBEGIN, Black)",1.0,577004, Wallet ,499.0,year-2022_month-01
